"id","ceremony_id","category_id","year","result","recipients_json","film_tmdb_id","film_title","subject_title","film_release_year","film_poster_path","source_url","source_citation","scraped_at","scrape_version","verified_status","flags_json","notes"
"oscar.best_picture.2005.clint_eastwood_unresolved","oscar.2005","oscar.best_picture","2005","won","[{""name"": ""Clint Eastwood"", ""role"": null, ""tmdb_person_id"": null, ""profile_path"": null}, {""name"": ""Albert S. Ruddy"", ""role"": null, ""tmdb_person_id"": null, ""profile_path"": null}, {""name"": ""Tom Rosenberg"", ""role"": null, ""tmdb_person_id"": null, ""profile_path"": null}]","","Million Dollar Baby","","","","https://en.wikipedia.org/wiki/77th_Academy_Awards","77th Academy Awards Wikipedia article, Best Picture section","2026-04-25T22:42:18.602705+00:00","scrape-oscar-v1.1.0","auto_verified","[""wikipedia_dlu_agree""]",""
"oscar.best_picture.2005.michael_mann_unresolved","oscar.2005","oscar.best_picture","2005","nominated","[{""name"": ""Michael Mann"", ""role"": null, ""tmdb_person_id"": null, ""profile_path"": null}, {""name"": ""Graham King"", ""role"": null, ""tmdb_person_id"": null, ""profile_path"": null}]","","The Aviator","","","","https://en.wikipedia.org/wiki/77th_Academy_Awards","77th Academy Awards Wikipedia article, Best Picture section","2026-04-25T22:42:18.602705+00:00","scrape-oscar-v1.1.0","auto_verified","[""wikipedia_dlu_agree""]",""
"oscar.best_picture.2005.richard_n_gladstein_unresolved","oscar.2005","oscar.best_picture","2005","nominated","[{""name"": ""Richard N. Gladstein"", ""role"": null, ""tmdb_person_id"": null, ""profile_path"": null}, {""name"": ""Nellie Bellflower"", ""role"": null, ""tmdb_person_id"": null, ""profile_path"": null}]","","Finding Neverland","","","","https://en.wikipedia.org/wiki/77th_Academy_Awards","77th Academy Awards Wikipedia article, Best Picture section","2026-04-25T22:42:18.602705+00:00","scrape-oscar-v1.1.0","auto_verified","[""wikipedia_dlu_agree""]",""
"oscar.best_picture.2005.taylor_hackford_unresolved","oscar.2005","oscar.best_picture","2005","nominated","[{""name"": ""Taylor Hackford"", ""role"": null, ""tmdb_person_id"": null, ""profile_path"": null}, {""name"": ""Stuart Benjamin"", ""role"": null, ""tmdb_person_id"": null, ""profile_path"": null}, {""name"": ""Howard Baldwin"", ""role"": null, ""tmdb_person_id"": null, ""profile_path"": null}]","","Ray","","","","https://en.wikipedia.org/wiki/77th_Academy_Awards","77th Academy Awards Wikipedia article, Best Picture section","2026-04-25T22:42:18.602705+00:00","scrape-oscar-v1.1.0","auto_verified","[""wikipedia_dlu_agree""]",""
"oscar.best_picture.2005.michael_london_unresolved","oscar.2005","oscar.best_picture","2005","nominated","[{""name"": ""Michael London"", ""role"": null, ""tmdb_person_id"": null, ""profile_path"": null}]","","Sideways","","","","https://en.wikipedia.org/wiki/77th_Academy_Awards","77th Academy Awards Wikipedia article, Best Picture section","2026-04-25T22:42:18.602705+00:00","scrape-oscar-v1.1.0","auto_verified","[""wikipedia_dlu_agree""]",""
"oscar.best_director.2005.clint_eastwood_unresolved","oscar.2005","oscar.best_director","2005","won","[{""name"": ""Clint Eastwood"", ""role"": null, ""tmdb_person_id"": null, ""profile_path"": null}]","","Million Dollar Baby","","","","https://en.wikipedia.org/wiki/77th_Academy_Awards","77th Academy Awards Wikipedia article, Best Director section","2026-04-25T22:42:18.603183+00:00","scrape-oscar-v1.1.0","auto_verified","[""wikipedia_dlu_agree""]",""
"oscar.best_director.2005.martin_scorsese_unresolved","oscar.2005","oscar.best_director","2005","nominated","[{""name"": ""Martin Scorsese"", ""role"": null, ""tmdb_person_id"": null, ""profile_path"": null}]","","The Aviator","","","","https://en.wikipedia.org/wiki/77th_Academy_Awards","77th Academy Awards Wikipedia article, Best Director section","2026-04-25T22:42:18.603183+00:00","scrape-oscar-v1.1.0","auto_verified","[""wikipedia_dlu_agree""]",""
"oscar.best_director.2005.taylor_hackford_unresolved","oscar.2005","oscar.best_director","2005","nominated","[{""name"": ""Taylor Hackford"", ""role"": null, ""tmdb_person_id"": null, ""profile_path"": null}]","","Ray","","","","https://en.wikipedia.org/wiki/77th_Academy_Awards","77th Academy Awards Wikipedia article, Best Director section","2026-04-25T22:42:18.603183+00:00","scrape-oscar-v1.1.0","auto_verified","[""wikipedia_dlu_agree""]",""
"oscar.best_director.2005.alexander_payne_unresolved","oscar.2005","oscar.best_director","2005","nominated","[{""name"": ""Alexander Payne"", ""role"": null, ""tmdb_person_id"": null, ""profile_path"": null}]","","Sideways","","","","https://en.wikipedia.org/wiki/77th_Academy_Awards","77th Academy Awards Wikipedia article, Best Director section","2026-04-25T22:42:18.603183+00:00","scrape-oscar-v1.1.0","auto_verified","[""wikipedia_dlu_agree""]",""
"oscar.best_director.2005.mike_leigh_unresolved","oscar.2005","oscar.best_director","2005","nominated","[{""name"": ""Mike Leigh"", ""role"": null, ""tmdb_person_id"": null, ""profile_path"": null}]","","Vera Drake","","","","https://en.wikipedia.org/wiki/77th_Academy_Awards","77th Academy Awards Wikipedia article, Best Director section","2026-04-25T22:42:18.603183+00:00","scrape-oscar-v1.1.0","auto_verified","[""wikipedia_dlu_agree""]",""
"oscar.best_actor.2005.jamie_foxx_unresolved","oscar.2005","oscar.best_actor","2005","won","[{""name"": ""Jamie Foxx"", ""role"": ""Ray Charles"", ""tmdb_person_id"": null, ""profile_path"": null}]","","Ray","","","","https://en.wikipedia.org/wiki/77th_Academy_Awards","77th Academy Awards Wikipedia article, Best Actor in a Leading Role section","2026-04-25T22:42:18.603475+00:00","scrape-oscar-v1.1.0","auto_verified","[""wikipedia_dlu_agree""]",""
"oscar.best_actor.2005.don_cheadle_unresolved","oscar.2005","oscar.best_actor","2005","nominated","[{""name"": ""Don Cheadle"", ""role"": ""Paul Rusesabagina"", ""tmdb_person_id"": null, ""profile_path"": null}]","","Hotel Rwanda","","","","https://en.wikipedia.org/wiki/77th_Academy_Awards","77th Academy Awards Wikipedia article, Best Actor in a Leading Role section","2026-04-25T22:42:18.603475+00:00","scrape-oscar-v1.1.0","auto_verified","[""wikipedia_dlu_agree""]",""
"oscar.best_actor.2005.johnny_depp_unresolved","oscar.2005","oscar.best_actor","2005","nominated","[{""name"": ""Johnny Depp"", ""role"": ""J. M. Barrie"", ""tmdb_person_id"": null, ""profile_path"": null}]","","Finding Neverland","","","","https://en.wikipedia.org/wiki/77th_Academy_Awards","77th Academy Awards Wikipedia article, Best Actor in a Leading Role section","2026-04-25T22:42:18.603475+00:00","scrape-oscar-v1.1.0","auto_verified","[""wikipedia_dlu_agree""]",""
"oscar.best_actor.2005.leonardo_dicaprio_unresolved","oscar.2005","oscar.best_actor","2005","nominated","[{""name"": ""Leonardo DiCaprio"", ""role"": ""Howard Hughes"", ""tmdb_person_id"": null, ""profile_path"": null}]","","The Aviator","","","","https://en.wikipedia.org/wiki/77th_Academy_Awards","77th Academy Awards Wikipedia article, Best Actor in a Leading Role section","2026-04-25T22:42:18.603475+00:00","scrape-oscar-v1.1.0","auto_verified","[""wikipedia_dlu_agree""]",""
"oscar.best_actor.2005.clint_eastwood_unresolved","oscar.2005","oscar.best_actor","2005","nominated","[{""name"": ""Clint Eastwood"", ""role"": ""Frankie Dunn"", ""tmdb_person_id"": null, ""profile_path"": null}]","","Million Dollar Baby","","","","https://en.wikipedia.org/wiki/77th_Academy_Awards","77th Academy Awards Wikipedia article, Best Actor in a Leading Role section","2026-04-25T22:42:18.603475+00:00","scrape-oscar-v1.1.0","auto_verified","[""wikipedia_dlu_agree""]",""
"oscar.best_actress.2005.hilary_swank_unresolved","oscar.2005","oscar.best_actress","2005","won","[{""name"": ""Hilary Swank"", ""role"": ""Margaret \""Maggie\"" Fitzgerald"", ""tmdb_person_id"": null, ""profile_path"": null}]","","Million Dollar Baby","","","","https://en.wikipedia.org/wiki/77th_Academy_Awards","77th Academy Awards Wikipedia article, Best Actress in a Leading Role section","2026-04-25T22:42:18.603790+00:00","scrape-oscar-v1.1.0","auto_verified","[""wikipedia_dlu_agree""]",""
"oscar.best_actress.2005.annette_bening_unresolved","oscar.2005","oscar.best_actress","2005","nominated","[{""name"": ""Annette Bening"", ""role"": ""Julia Lambert"", ""tmdb_person_id"": null, ""profile_path"": null}]","","Being Julia","","","","https://en.wikipedia.org/wiki/77th_Academy_Awards","77th Academy Awards Wikipedia article, Best Actress in a Leading Role section","2026-04-25T22:42:18.603790+00:00","scrape-oscar-v1.1.0","auto_verified","[""wikipedia_dlu_agree""]",""
"oscar.best_actress.2005.catalina_sandino_moreno_unresolved","oscar.2005","oscar.best_actress","2005","nominated","[{""name"": ""Catalina Sandino Moreno"", ""role"": ""María Álvarez"", ""tmdb_person_id"": null, ""profile_path"": null}]","","Maria Full of Grace","","","","https://en.wikipedia.org/wiki/77th_Academy_Awards","77th Academy Awards Wikipedia article, Best Actress in a Leading Role section","2026-04-25T22:42:18.603790+00:00","scrape-oscar-v1.1.0","auto_verified","[""wikipedia_dlu_agree""]",""
"oscar.best_actress.2005.imelda_staunton_unresolved","oscar.2005","oscar.best_actress","2005","nominated","[{""name"": ""Imelda Staunton"", ""role"": ""Vera Rose Drake"", ""tmdb_person_id"": null, ""profile_path"": null}]","","Vera Drake","","","","https://en.wikipedia.org/wiki/77th_Academy_Awards","77th Academy Awards Wikipedia article, Best Actress in a Leading Role section","2026-04-25T22:42:18.603790+00:00","scrape-oscar-v1.1.0","auto_verified","[""wikipedia_dlu_agree""]",""
"oscar.best_actress.2005.kate_winslet_unresolved","oscar.2005","oscar.best_actress","2005","nominated","[{""name"": ""Kate Winslet"", ""role"": ""Clementine Kruczynski"", ""tmdb_person_id"": null, ""profile_path"": null}]","","Eternal Sunshine of the Spotless Mind","","","","https://en.wikipedia.org/wiki/77th_Academy_Awards","77th Academy Awards Wikipedia article, Best Actress in a Leading Role section","2026-04-25T22:42:18.603790+00:00","scrape-oscar-v1.1.0","auto_verified","[""wikipedia_dlu_agree""]",""
"oscar.best_supporting_actor.2005.morgan_freeman_unresolved","oscar.2005","oscar.best_supporting_actor","2005","won","[{""name"": ""Morgan Freeman"", ""role"": ""Eddie \""Scrap-Iron\"" Dupris"", ""tmdb_person_id"": null, ""profile_path"": null}]","","Million Dollar Baby","","","","https://en.wikipedia.org/wiki/77th_Academy_Awards","77th Academy Awards Wikipedia article, Best Actor in a Supporting Role section","2026-04-25T22:42:18.604114+00:00","scrape-oscar-v1.1.0","auto_verified","[""wikipedia_dlu_agree""]",""
"oscar.best_supporting_actor.2005.alan_alda_unresolved","oscar.2005","oscar.best_supporting_actor","2005","nominated","[{""name"": ""Alan Alda"", ""role"": ""Owen Brewster"", ""tmdb_person_id"": null, ""profile_path"": null}]","","The Aviator","","","","https://en.wikipedia.org/wiki/77th_Academy_Awards","77th Academy Awards Wikipedia article, Best Actor in a Supporting Role section","2026-04-25T22:42:18.604114+00:00","scrape-oscar-v1.1.0","auto_verified","[""wikipedia_dlu_agree""]",""
"oscar.best_supporting_actor.2005.thomas_haden_church_unresolved","oscar.2005","oscar.best_supporting_actor","2005","nominated","[{""name"": ""Thomas Haden Church"", ""role"": ""Jack Cole"", ""tmdb_person_id"": null, ""profile_path"": null}]","","Sideways","","","","https://en.wikipedia.org/wiki/77th_Academy_Awards","77th Academy Awards Wikipedia article, Best Actor in a Supporting Role section","2026-04-25T22:42:18.604114+00:00","scrape-oscar-v1.1.0","auto_verified","[""wikipedia_dlu_agree""]",""
"oscar.best_supporting_actor.2005.jamie_foxx_unresolved","oscar.2005","oscar.best_supporting_actor","2005","nominated","[{""name"": ""Jamie Foxx"", ""role"": ""Max Durocher"", ""tmdb_person_id"": null, ""profile_path"": null}]","","Collateral","","","","https://en.wikipedia.org/wiki/77th_Academy_Awards","77th Academy Awards Wikipedia article, Best Actor in a Supporting Role section","2026-04-25T22:42:18.604114+00:00","scrape-oscar-v1.1.0","auto_verified","[""wikipedia_dlu_agree""]",""
"oscar.best_supporting_actor.2005.clive_owen_unresolved","oscar.2005","oscar.best_supporting_actor","2005","nominated","[{""name"": ""Clive Owen"", ""role"": ""Larry Gray"", ""tmdb_person_id"": null, ""profile_path"": null}]","","Closer","","","","https://en.wikipedia.org/wiki/77th_Academy_Awards","77th Academy Awards Wikipedia article, Best Actor in a Supporting Role section","2026-04-25T22:42:18.604114+00:00","scrape-oscar-v1.1.0","auto_verified","[""wikipedia_dlu_agree""]",""
"oscar.best_supporting_actress.2005.cate_blanchett_unresolved","oscar.2005","oscar.best_supporting_actress","2005","won","[{""name"": ""Cate Blanchett"", ""role"": ""Katharine Hepburn"", ""tmdb_person_id"": null, ""profile_path"": null}]","","The Aviator","","","","https://en.wikipedia.org/wiki/77th_Academy_Awards","77th Academy Awards Wikipedia article, Best Actress in a Supporting Role section","2026-04-25T22:42:18.604415+00:00","scrape-oscar-v1.1.0","auto_verified","[""wikipedia_dlu_agree""]",""
"oscar.best_supporting_actress.2005.laura_linney_unresolved","oscar.2005","oscar.best_supporting_actress","2005","nominated","[{""name"": ""Laura Linney"", ""role"": ""Clara McMillen"", ""tmdb_person_id"": null, ""profile_path"": null}]","","Kinsey","","","","https://en.wikipedia.org/wiki/77th_Academy_Awards","77th Academy Awards Wikipedia article, Best Actress in a Supporting Role section","2026-04-25T22:42:18.604415+00:00","scrape-oscar-v1.1.0","auto_verified","[""wikipedia_dlu_agree""]",""
"oscar.best_supporting_actress.2005.virginia_madsen_unresolved","oscar.2005","oscar.best_supporting_actress","2005","nominated","[{""name"": ""Virginia Madsen"", ""role"": ""Maya Randall"", ""tmdb_person_id"": null, ""profile_path"": null}]","","Sideways","","","","https://en.wikipedia.org/wiki/77th_Academy_Awards","77th Academy Awards Wikipedia article, Best Actress in a Supporting Role section","2026-04-25T22:42:18.604415+00:00","scrape-oscar-v1.1.0","auto_verified","[""wikipedia_dlu_agree""]",""
"oscar.best_supporting_actress.2005.sophie_okonedo_unresolved","oscar.2005","oscar.best_supporting_actress","2005","nominated","[{""name"": ""Sophie Okonedo"", ""role"": ""Tatiana Rusesabagina"", ""tmdb_person_id"": null, ""profile_path"": null}]","","Hotel Rwanda","","","","https://en.wikipedia.org/wiki/77th_Academy_Awards","77th Academy Awards Wikipedia article, Best Actress in a Supporting Role section","2026-04-25T22:42:18.604415+00:00","scrape-oscar-v1.1.0","auto_verified","[""wikipedia_dlu_agree""]",""
"oscar.best_supporting_actress.2005.natalie_portman_unresolved","oscar.2005","oscar.best_supporting_actress","2005","nominated","[{""name"": ""Natalie Portman"", ""role"": ""Alice Ayres/Jane Jones"", ""tmdb_person_id"": null, ""profile_path"": null}]","","Closer","","","","https://en.wikipedia.org/wiki/77th_Academy_Awards","77th Academy Awards Wikipedia article, Best Actress in a Supporting Role section","2026-04-25T22:42:18.604415+00:00","scrape-oscar-v1.1.0","auto_verified","[""wikipedia_dlu_agree""]",""
"oscar.best_animated_feature.2005.brad_bird_unresolved","oscar.2005","oscar.best_animated_feature","2005","won","[{""name"": ""Brad Bird"", ""role"": null, ""tmdb_person_id"": null, ""profile_path"": null}]","","The Incredibles","","","","https://en.wikipedia.org/wiki/77th_Academy_Awards","77th Academy Awards Wikipedia article, Best Animated Feature Film section","2026-04-25T22:42:18.604640+00:00","scrape-oscar-v1.1.0","auto_verified","[""wikipedia_dlu_agree""]",""
"oscar.best_animated_feature.2005.bill_damaschke_unresolved","oscar.2005","oscar.best_animated_feature","2005","nominated","[{""name"": ""Bill Damaschke"", ""role"": null, ""tmdb_person_id"": null, ""profile_path"": null}]","","Shark Tale","","","","https://en.wikipedia.org/wiki/77th_Academy_Awards","77th Academy Awards Wikipedia article, Best Animated Feature Film section","2026-04-25T22:42:18.604640+00:00","scrape-oscar-v1.1.0","auto_verified","[""wikipedia_dlu_agree""]",""
"oscar.best_animated_feature.2005.andrew_adamson_unresolved","oscar.2005","oscar.best_animated_feature","2005","nominated","[{""name"": ""Andrew Adamson"", ""role"": null, ""tmdb_person_id"": null, ""profile_path"": null}]","","Shrek 2","","","","https://en.wikipedia.org/wiki/77th_Academy_Awards","77th Academy Awards Wikipedia article, Best Animated Feature Film section","2026-04-25T22:42:18.604640+00:00","scrape-oscar-v1.1.0","auto_verified","[""wikipedia_dlu_agree""]",""
"oscar.best_international_feature.2005.alejandro_amen_bar_unresolved","oscar.2005","oscar.best_international_feature","2005","won","[{""name"": ""Alejandro Amenábar"", ""role"": null, ""tmdb_person_id"": null, ""profile_path"": null}]","","The Sea Inside","","","","https://en.wikipedia.org/wiki/77th_Academy_Awards","77th Academy Awards Wikipedia article, Best Foreign Language Film section","2026-04-25T22:42:18.604855+00:00","scrape-oscar-v1.1.0","auto_verified","[""wikipedia_dlu_agree""]",""
"oscar.best_international_feature.2005.kay_pollak_unresolved","oscar.2005","oscar.best_international_feature","2005","nominated","[{""name"": ""Kay Pollak"", ""role"": null, ""tmdb_person_id"": null, ""profile_path"": null}]","","As It Is in Heaven","","","","https://en.wikipedia.org/wiki/77th_Academy_Awards","77th Academy Awards Wikipedia article, Best Foreign Language Film section","2026-04-25T22:42:18.604855+00:00","scrape-oscar-v1.1.0","auto_verified","[""wikipedia_dlu_agree""]",""
"oscar.best_international_feature.2005.christophe_barratier_unresolved","oscar.2005","oscar.best_international_feature","2005","nominated","[{""name"": ""Christophe Barratier"", ""role"": null, ""tmdb_person_id"": null, ""profile_path"": null}]","","The Chorus","","","","https://en.wikipedia.org/wiki/77th_Academy_Awards","77th Academy Awards Wikipedia article, Best Foreign Language Film section","2026-04-25T22:42:18.604855+00:00","scrape-oscar-v1.1.0","auto_verified","[""wikipedia_dlu_agree""]",""
"oscar.best_international_feature.2005.oliver_hirschbiegel_unresolved","oscar.2005","oscar.best_international_feature","2005","nominated","[{""name"": ""Oliver Hirschbiegel"", ""role"": null, ""tmdb_person_id"": null, ""profile_path"": null}]","","Downfall","","","","https://en.wikipedia.org/wiki/77th_Academy_Awards","77th Academy Awards Wikipedia article, Best Foreign Language Film section","2026-04-25T22:42:18.604855+00:00","scrape-oscar-v1.1.0","auto_verified","[""wikipedia_dlu_agree""]",""
"oscar.best_international_feature.2005.darrell_roodt_unresolved","oscar.2005","oscar.best_international_feature","2005","nominated","[{""name"": ""Darrell Roodt"", ""role"": null, ""tmdb_person_id"": null, ""profile_path"": null}]","","Yesterday","","","","https://en.wikipedia.org/wiki/77th_Academy_Awards","77th Academy Awards Wikipedia article, Best Foreign Language Film section","2026-04-25T22:42:18.604855+00:00","scrape-oscar-v1.1.0","auto_verified","[""wikipedia_dlu_agree""]",""
"oscar.best_documentary_feature.2005.zana_briski_unresolved","oscar.2005","oscar.best_documentary_feature","2005","won","[{""name"": ""Zana Briski"", ""role"": null, ""tmdb_person_id"": null, ""profile_path"": null}]","","Born into Brothels: Calcutta's Red Light Kids","","","","https://en.wikipedia.org/wiki/77th_Academy_Awards","77th Academy Awards Wikipedia article, Best Documentary Feature Film section","2026-04-25T22:42:18.605092+00:00","scrape-oscar-v1.1.0","auto_verified","[""wikipedia_dlu_agree""]",""
"oscar.best_documentary_feature.2005.byambasuren_davaa_unresolved","oscar.2005","oscar.best_documentary_feature","2005","nominated","[{""name"": ""Byambasuren Davaa"", ""role"": null, ""tmdb_person_id"": null, ""profile_path"": null}]","","The Story of the Weeping Camel","","","","https://en.wikipedia.org/wiki/77th_Academy_Awards","77th Academy Awards Wikipedia article, Best Documentary Feature Film section","2026-04-25T22:42:18.605092+00:00","scrape-oscar-v1.1.0","auto_verified","[""wikipedia_dlu_agree""]",""
"oscar.best_documentary_feature.2005.morgan_spurlock_unresolved","oscar.2005","oscar.best_documentary_feature","2005","nominated","[{""name"": ""Morgan Spurlock"", ""role"": null, ""tmdb_person_id"": null, ""profile_path"": null}]","","Super Size Me","","","","https://en.wikipedia.org/wiki/77th_Academy_Awards","77th Academy Awards Wikipedia article, Best Documentary Feature Film section","2026-04-25T22:42:18.605092+00:00","scrape-oscar-v1.1.0","auto_verified","[""wikipedia_dlu_agree""]",""
"oscar.best_documentary_feature.2005.lauren_lazin_unresolved","oscar.2005","oscar.best_documentary_feature","2005","nominated","[{""name"": ""Lauren Lazin"", ""role"": null, ""tmdb_person_id"": null, ""profile_path"": null}, {""name"": ""Karolyn Ali"", ""role"": null, ""tmdb_person_id"": null, ""profile_path"": null}]","","Tupac: Resurrection","","","","https://en.wikipedia.org/wiki/77th_Academy_Awards","77th Academy Awards Wikipedia article, Best Documentary Feature Film section","2026-04-25T22:42:18.605092+00:00","scrape-oscar-v1.1.0","auto_verified","[""wikipedia_dlu_agree""]",""
"oscar.best_documentary_feature.2005.kirby_dick_unresolved","oscar.2005","oscar.best_documentary_feature","2005","nominated","[{""name"": ""Kirby Dick"", ""role"": null, ""tmdb_person_id"": null, ""profile_path"": null}, {""name"": ""Eddie Schmidt"", ""role"": null, ""tmdb_person_id"": null, ""profile_path"": null}]","","Twist of Faith","","","","https://en.wikipedia.org/wiki/77th_Academy_Awards","77th Academy Awards Wikipedia article, Best Documentary Feature Film section","2026-04-25T22:42:18.605092+00:00","scrape-oscar-v1.1.0","auto_verified","[""wikipedia_dlu_agree""]",""
"oscar.best_documentary_short.2005.robert_hudson_unresolved","oscar.2005","oscar.best_documentary_short","2005","won","[{""name"": ""Robert Hudson"", ""role"": null, ""tmdb_person_id"": null, ""profile_path"": null}, {""name"": ""Robert Houston"", ""role"": null, ""tmdb_person_id"": null, ""profile_path"": null}]","","Mighty Times: The Children's March","","","","https://en.wikipedia.org/wiki/77th_Academy_Awards","77th Academy Awards Wikipedia article, Best Documentary Short Film section","2026-04-25T22:42:18.605363+00:00","scrape-oscar-v1.1.0","auto_verified","[""wikipedia_dlu_agree""]",""
"oscar.best_documentary_short.2005.gerardine_wurzburg_unresolved","oscar.2005","oscar.best_documentary_short","2005","nominated","[{""name"": ""Gerardine Wurzburg"", ""role"": null, ""tmdb_person_id"": null, ""profile_path"": null}]","","Autism Is a World","","","","https://en.wikipedia.org/wiki/77th_Academy_Awards","77th Academy Awards Wikipedia article, Best Documentary Short Film section","2026-04-25T22:42:18.605363+00:00","scrape-oscar-v1.1.0","auto_verified","[""wikipedia_dlu_agree""]",""
"oscar.best_documentary_short.2005.hanna_polak_unresolved","oscar.2005","oscar.best_documentary_short","2005","nominated","[{""name"": ""Hanna Polak"", ""role"": null, ""tmdb_person_id"": null, ""profile_path"": null}]","","The Children of Leningradsky","","","","https://en.wikipedia.org/wiki/77th_Academy_Awards","77th Academy Awards Wikipedia article, Best Documentary Short Film section","2026-04-25T22:42:18.605363+00:00","scrape-oscar-v1.1.0","auto_verified","[""wikipedia_dlu_agree""]",""
"oscar.best_documentary_short.2005.hubert_davis_unresolved","oscar.2005","oscar.best_documentary_short","2005","nominated","[{""name"": ""Hubert Davis"", ""role"": null, ""tmdb_person_id"": null, ""profile_path"": null}]","","Hardwood","","","","https://en.wikipedia.org/wiki/77th_Academy_Awards","77th Academy Awards Wikipedia article, Best Documentary Short Film section","2026-04-25T22:42:18.605363+00:00","scrape-oscar-v1.1.0","auto_verified","[""wikipedia_dlu_agree""]",""
"oscar.best_documentary_short.2005.oren_jacoby_unresolved","oscar.2005","oscar.best_documentary_short","2005","nominated","[{""name"": ""Oren Jacoby"", ""role"": null, ""tmdb_person_id"": null, ""profile_path"": null}]","","Sister Rose's Passion","","","","https://en.wikipedia.org/wiki/77th_Academy_Awards","77th Academy Awards Wikipedia article, Best Documentary Short Film section","2026-04-25T22:42:18.605363+00:00","scrape-oscar-v1.1.0","auto_verified","[""wikipedia_dlu_agree""]",""
"oscar.best_animated_short.2005.chris_landreth_unresolved","oscar.2005","oscar.best_animated_short","2005","won","[{""name"": ""Chris Landreth"", ""role"": null, ""tmdb_person_id"": null, ""profile_path"": null}]","","Ryan","","","","https://en.wikipedia.org/wiki/77th_Academy_Awards","77th Academy Awards Wikipedia article, Best Animated Short Film section","2026-04-25T22:42:18.605616+00:00","scrape-oscar-v1.1.0","auto_verified","[""wikipedia_dlu_agree""]",""
"oscar.best_animated_short.2005.sejong_park_and_andrew_gregory_unresolved","oscar.2005","oscar.best_animated_short","2005","nominated","[{""name"": ""Sejong Park and Andrew Gregory"", ""role"": null, ""tmdb_person_id"": null, ""profile_path"": null}]","","Birthday Boy","","","","https://en.wikipedia.org/wiki/77th_Academy_Awards","77th Academy Awards Wikipedia article, Best Animated Short Film section","2026-04-25T22:42:18.605616+00:00","scrape-oscar-v1.1.0","auto_verified","[""wikipedia_dlu_agree""]",""
"oscar.best_animated_short.2005.jeff_fowler_unresolved","oscar.2005","oscar.best_animated_short","2005","nominated","[{""name"": ""Jeff Fowler"", ""role"": null, ""tmdb_person_id"": null, ""profile_path"": null}, {""name"": ""Tim Miller"", ""role"": null, ""tmdb_person_id"": null, ""profile_path"": null}]","","Gopher Broke","","","","https://en.wikipedia.org/wiki/77th_Academy_Awards","77th Academy Awards Wikipedia article, Best Animated Short Film section","2026-04-25T22:42:18.605616+00:00","scrape-oscar-v1.1.0","auto_verified","[""wikipedia_dlu_agree""]",""
"oscar.best_animated_short.2005.bill_plympton_unresolved","oscar.2005","oscar.best_animated_short","2005","nominated","[{""name"": ""Bill Plympton"", ""role"": null, ""tmdb_person_id"": null, ""profile_path"": null}]","","Guard Dog","","","","https://en.wikipedia.org/wiki/77th_Academy_Awards","77th Academy Awards Wikipedia article, Best Animated Short Film section","2026-04-25T22:42:18.605616+00:00","scrape-oscar-v1.1.0","auto_verified","[""wikipedia_dlu_agree""]",""
"oscar.best_animated_short.2005.mike_gabriel_unresolved","oscar.2005","oscar.best_animated_short","2005","nominated","[{""name"": ""Mike Gabriel"", ""role"": null, ""tmdb_person_id"": null, ""profile_path"": null}]","","Lorenzo","","","","https://en.wikipedia.org/wiki/77th_Academy_Awards","77th Academy Awards Wikipedia article, Best Animated Short Film section","2026-04-25T22:42:18.605616+00:00","scrape-oscar-v1.1.0","auto_verified","[""wikipedia_dlu_agree""]",""
"oscar.best_live_action_short.2005.andrea_arnold_unresolved","oscar.2005","oscar.best_live_action_short","2005","won","[{""name"": ""Andrea Arnold"", ""role"": null, ""tmdb_person_id"": null, ""profile_path"": null}]","","Wasp","","","","https://en.wikipedia.org/wiki/77th_Academy_Awards","77th Academy Awards Wikipedia article, Best Live Action Short Film section","2026-04-25T22:42:18.605837+00:00","scrape-oscar-v1.1.0","auto_verified","[""wikipedia_dlu_agree""]",""
"oscar.best_live_action_short.2005.nacho_vigalondo_unresolved","oscar.2005","oscar.best_live_action_short","2005","nominated","[{""name"": ""Nacho Vigalondo"", ""role"": null, ""tmdb_person_id"": null, ""profile_path"": null}]","","7:35 in the Morning","","","","https://en.wikipedia.org/wiki/77th_Academy_Awards","77th Academy Awards Wikipedia article, Best Live Action Short Film section","2026-04-25T22:42:18.605837+00:00","scrape-oscar-v1.1.0","auto_verified","[""wikipedia_dlu_agree""]",""
"oscar.best_live_action_short.2005.gary_mckendry_unresolved","oscar.2005","oscar.best_live_action_short","2005","nominated","[{""name"": ""Gary McKendry"", ""role"": null, ""tmdb_person_id"": null, ""profile_path"": null}]","","Everything in This Country Must&nbsp;","","","","https://en.wikipedia.org/wiki/77th_Academy_Awards","77th Academy Awards Wikipedia article, Best Live Action Short Film section","2026-04-25T22:42:18.605837+00:00","scrape-oscar-v1.1.0","auto_verified","[""wikipedia_dlu_agree""]",""
"oscar.best_live_action_short.2005.ashvin_kumar_unresolved","oscar.2005","oscar.best_live_action_short","2005","nominated","[{""name"": ""Ashvin Kumar"", ""role"": null, ""tmdb_person_id"": null, ""profile_path"": null}]","","Little Terrorist","","","","https://en.wikipedia.org/wiki/77th_Academy_Awards","77th Academy Awards Wikipedia article, Best Live Action Short Film section","2026-04-25T22:42:18.605837+00:00","scrape-oscar-v1.1.0","auto_verified","[""wikipedia_dlu_agree""]",""
"oscar.best_live_action_short.2005.taika_waititi_unresolved","oscar.2005","oscar.best_live_action_short","2005","nominated","[{""name"": ""Taika Waititi"", ""role"": null, ""tmdb_person_id"": null, ""profile_path"": null}]","","Two Cars, One Night","","","","https://en.wikipedia.org/wiki/77th_Academy_Awards","77th Academy Awards Wikipedia article, Best Live Action Short Film section","2026-04-25T22:42:18.605837+00:00","scrape-oscar-v1.1.0","auto_verified","[""wikipedia_dlu_agree""]",""
"oscar.best_original_screenplay.2005.charlie_kaufman_unresolved","oscar.2005","oscar.best_original_screenplay","2005","won","[{""name"": ""Charlie Kaufman"", ""role"": null, ""tmdb_person_id"": null, ""profile_path"": null}, {""name"": ""Michel Gondry"", ""role"": null, ""tmdb_person_id"": null, ""profile_path"": null}, {""name"": ""Pierre Bismuth"", ""role"": null, ""tmdb_person_id"": null, ""profile_path"": null}]","","Eternal Sunshine of the Spotless Mind","","","","https://en.wikipedia.org/wiki/77th_Academy_Awards","77th Academy Awards Wikipedia article, Best Original Screenplay section","2026-04-25T22:42:18.606082+00:00","scrape-oscar-v1.1.0","auto_verified","[""wikipedia_dlu_agree""]",""
"oscar.best_original_screenplay.2005.john_logan_unresolved","oscar.2005","oscar.best_original_screenplay","2005","nominated","[{""name"": ""John Logan"", ""role"": null, ""tmdb_person_id"": null, ""profile_path"": null}]","","The Aviator","","","","https://en.wikipedia.org/wiki/77th_Academy_Awards","77th Academy Awards Wikipedia article, Best Original Screenplay section","2026-04-25T22:42:18.606082+00:00","scrape-oscar-v1.1.0","auto_verified","[""wikipedia_dlu_agree""]",""
"oscar.best_original_screenplay.2005.terry_george_unresolved","oscar.2005","oscar.best_original_screenplay","2005","nominated","[{""name"": ""Terry George"", ""role"": null, ""tmdb_person_id"": null, ""profile_path"": null}, {""name"": ""Keir Pearson"", ""role"": null, ""tmdb_person_id"": null, ""profile_path"": null}]","","Hotel Rwanda","","","","https://en.wikipedia.org/wiki/77th_Academy_Awards","77th Academy Awards Wikipedia article, Best Original Screenplay section","2026-04-25T22:42:18.606082+00:00","scrape-oscar-v1.1.0","auto_verified","[""wikipedia_dlu_agree""]",""
"oscar.best_original_screenplay.2005.brad_bird_unresolved","oscar.2005","oscar.best_original_screenplay","2005","nominated","[{""name"": ""Brad Bird"", ""role"": null, ""tmdb_person_id"": null, ""profile_path"": null}]","","The Incredibles","","","","https://en.wikipedia.org/wiki/77th_Academy_Awards","77th Academy Awards Wikipedia article, Best Original Screenplay section","2026-04-25T22:42:18.606082+00:00","scrape-oscar-v1.1.0","auto_verified","[""wikipedia_dlu_agree""]",""
"oscar.best_original_screenplay.2005.mike_leigh_unresolved","oscar.2005","oscar.best_original_screenplay","2005","nominated","[{""name"": ""Mike Leigh"", ""role"": null, ""tmdb_person_id"": null, ""profile_path"": null}]","","Vera Drake","","","","https://en.wikipedia.org/wiki/77th_Academy_Awards","77th Academy Awards Wikipedia article, Best Original Screenplay section","2026-04-25T22:42:18.606082+00:00","scrape-oscar-v1.1.0","auto_verified","[""wikipedia_dlu_agree""]",""
"oscar.best_adapted_screenplay.2005.alexander_payne_unresolved","oscar.2005","oscar.best_adapted_screenplay","2005","won","[{""name"": ""Alexander Payne"", ""role"": null, ""tmdb_person_id"": null, ""profile_path"": null}, {""name"": ""Jim Taylor"", ""role"": null, ""tmdb_person_id"": null, ""profile_path"": null}, {""name"": ""the novel"", ""role"": null, ""tmdb_person_id"": null, ""profile_path"": null}, {""name"": ""Rex Pickett"", ""role"": null, ""tmdb_person_id"": null, ""profile_path"": null}]","","Sideways","","","","https://en.wikipedia.org/wiki/77th_Academy_Awards","77th Academy Awards Wikipedia article, Best Adapted Screenplay section","2026-04-25T22:42:18.606378+00:00","scrape-oscar-v1.1.0","auto_verified","[""wikipedia_dlu_agree""]",""
"oscar.best_adapted_screenplay.2005.richard_linklater_unresolved","oscar.2005","oscar.best_adapted_screenplay","2005","nominated","[{""name"": ""Richard Linklater"", ""role"": null, ""tmdb_person_id"": null, ""profile_path"": null}, {""name"": ""Julie Delpy"", ""role"": null, ""tmdb_person_id"": null, ""profile_path"": null}, {""name"": ""Ethan Hawke"", ""role"": null, ""tmdb_person_id"": null, ""profile_path"": null}, {""name"": ""Kim Krizan"", ""role"": null, ""tmdb_person_id"": null, ""profile_path"": null}, {""name"": ""Before Sunrise"", ""role"": null, ""tmdb_person_id"": null, ""profile_path"": null}]","","Before Sunset","","","","https://en.wikipedia.org/wiki/77th_Academy_Awards","77th Academy Awards Wikipedia article, Best Adapted Screenplay section","2026-04-25T22:42:18.606378+00:00","scrape-oscar-v1.1.0","auto_verified","[""wikipedia_dlu_agree""]",""
"oscar.best_adapted_screenplay.2005.david_magee_unresolved","oscar.2005","oscar.best_adapted_screenplay","2005","nominated","[{""name"": ""David Magee"", ""role"": null, ""tmdb_person_id"": null, ""profile_path"": null}, {""name"": ""Allan Knee"", ""role"": null, ""tmdb_person_id"": null, ""profile_path"": null}]","","Finding Neverland","","","","https://en.wikipedia.org/wiki/77th_Academy_Awards","77th Academy Awards Wikipedia article, Best Adapted Screenplay section","2026-04-25T22:42:18.606378+00:00","scrape-oscar-v1.1.0","auto_verified","[""wikipedia_dlu_agree""]",""
"oscar.best_adapted_screenplay.2005.paul_haggis_unresolved","oscar.2005","oscar.best_adapted_screenplay","2005","nominated","[{""name"": ""Paul Haggis"", ""role"": null, ""tmdb_person_id"": null, ""profile_path"": null}, {""name"": ""Rope Burns: Stories from the Corner"", ""role"": null, ""tmdb_person_id"": null, ""profile_path"": null}, {""name"": ""F.X. Toole"", ""role"": null, ""tmdb_person_id"": null, ""profile_path"": null}]","","Million Dollar Baby","","","","https://en.wikipedia.org/wiki/77th_Academy_Awards","77th Academy Awards Wikipedia article, Best Adapted Screenplay section","2026-04-25T22:42:18.606378+00:00","scrape-oscar-v1.1.0","auto_verified","[""wikipedia_dlu_agree""]",""
"oscar.best_adapted_screenplay.2005.jos_rivera_unresolved","oscar.2005","oscar.best_adapted_screenplay","2005","nominated","[{""name"": ""José Rivera"", ""role"": null, ""tmdb_person_id"": null, ""profile_path"": null}, {""name"": ""Alberto Granado"", ""role"": null, ""tmdb_person_id"": null, ""profile_path"": null}, {""name"": ""The Motorcycle Diaries"", ""role"": null, ""tmdb_person_id"": null, ""profile_path"": null}, {""name"": ""Che Guevara"", ""role"": null, ""tmdb_person_id"": null, ""profile_path"": null}]","","The Motorcycle Diaries","","","","https://en.wikipedia.org/wiki/77th_Academy_Awards","77th Academy Awards Wikipedia article, Best Adapted Screenplay section","2026-04-25T22:42:18.606378+00:00","scrape-oscar-v1.1.0","auto_verified","[""wikipedia_dlu_agree""]",""
"oscar.best_cinematography.2005.robert_richardson_unresolved","oscar.2005","oscar.best_cinematography","2005","won","[{""name"": ""Robert Richardson"", ""role"": null, ""tmdb_person_id"": null, ""profile_path"": null}]","","The Aviator","","","","https://en.wikipedia.org/wiki/77th_Academy_Awards","77th Academy Awards Wikipedia article, Best Cinematography section","2026-04-25T22:42:18.606625+00:00","scrape-oscar-v1.1.0","auto_verified","[""wikipedia_dlu_agree""]",""
"oscar.best_cinematography.2005.zhao_xiaoding_unresolved","oscar.2005","oscar.best_cinematography","2005","nominated","[{""name"": ""Zhao Xiaoding"", ""role"": null, ""tmdb_person_id"": null, ""profile_path"": null}]","","House of Flying Daggers","","","","https://en.wikipedia.org/wiki/77th_Academy_Awards","77th Academy Awards Wikipedia article, Best Cinematography section","2026-04-25T22:42:18.606625+00:00","scrape-oscar-v1.1.0","auto_verified","[""wikipedia_dlu_agree""]",""
"oscar.best_cinematography.2005.caleb_deschanel_unresolved","oscar.2005","oscar.best_cinematography","2005","nominated","[{""name"": ""Caleb Deschanel"", ""role"": null, ""tmdb_person_id"": null, ""profile_path"": null}]","","The Passion of the Christ","","","","https://en.wikipedia.org/wiki/77th_Academy_Awards","77th Academy Awards Wikipedia article, Best Cinematography section","2026-04-25T22:42:18.606625+00:00","scrape-oscar-v1.1.0","auto_verified","[""wikipedia_dlu_agree""]",""
"oscar.best_cinematography.2005.john_mathieson_unresolved","oscar.2005","oscar.best_cinematography","2005","nominated","[{""name"": ""John Mathieson"", ""role"": null, ""tmdb_person_id"": null, ""profile_path"": null}]","","The Phantom of the Opera","","","","https://en.wikipedia.org/wiki/77th_Academy_Awards","77th Academy Awards Wikipedia article, Best Cinematography section","2026-04-25T22:42:18.606625+00:00","scrape-oscar-v1.1.0","auto_verified","[""wikipedia_dlu_agree""]",""
"oscar.best_cinematography.2005.bruno_delbonnel_unresolved","oscar.2005","oscar.best_cinematography","2005","nominated","[{""name"": ""Bruno Delbonnel"", ""role"": null, ""tmdb_person_id"": null, ""profile_path"": null}]","","A Very Long Engagement","","","","https://en.wikipedia.org/wiki/77th_Academy_Awards","77th Academy Awards Wikipedia article, Best Cinematography section","2026-04-25T22:42:18.606625+00:00","scrape-oscar-v1.1.0","auto_verified","[""wikipedia_dlu_agree""]",""
"oscar.best_film_editing.2005.thelma_schoonmaker_unresolved","oscar.2005","oscar.best_film_editing","2005","won","[{""name"": ""Thelma Schoonmaker"", ""role"": null, ""tmdb_person_id"": null, ""profile_path"": null}]","","The Aviator","","","","https://en.wikipedia.org/wiki/77th_Academy_Awards","77th Academy Awards Wikipedia article, Best Film Editing section","2026-04-25T22:42:18.606874+00:00","scrape-oscar-v1.1.0","auto_verified","[""wikipedia_dlu_agree""]",""
"oscar.best_film_editing.2005.jim_miller_unresolved","oscar.2005","oscar.best_film_editing","2005","nominated","[{""name"": ""Jim Miller"", ""role"": null, ""tmdb_person_id"": null, ""profile_path"": null}, {""name"": ""Paul Rubell"", ""role"": null, ""tmdb_person_id"": null, ""profile_path"": null}]","","Collateral","","","","https://en.wikipedia.org/wiki/77th_Academy_Awards","77th Academy Awards Wikipedia article, Best Film Editing section","2026-04-25T22:42:18.606874+00:00","scrape-oscar-v1.1.0","auto_verified","[""wikipedia_dlu_agree""]",""
"oscar.best_film_editing.2005.matt_chess_unresolved","oscar.2005","oscar.best_film_editing","2005","nominated","[{""name"": ""Matt Chessé"", ""role"": null, ""tmdb_person_id"": null, ""profile_path"": null}]","","Finding Neverland","","","","https://en.wikipedia.org/wiki/77th_Academy_Awards","77th Academy Awards Wikipedia article, Best Film Editing section","2026-04-25T22:42:18.606874+00:00","scrape-oscar-v1.1.0","auto_verified","[""wikipedia_dlu_agree""]",""
"oscar.best_film_editing.2005.joel_cox_unresolved","oscar.2005","oscar.best_film_editing","2005","nominated","[{""name"": ""Joel Cox"", ""role"": null, ""tmdb_person_id"": null, ""profile_path"": null}]","","Million Dollar Baby","","","","https://en.wikipedia.org/wiki/77th_Academy_Awards","77th Academy Awards Wikipedia article, Best Film Editing section","2026-04-25T22:42:18.606874+00:00","scrape-oscar-v1.1.0","auto_verified","[""wikipedia_dlu_agree""]",""
"oscar.best_film_editing.2005.paul_hirsch_unresolved","oscar.2005","oscar.best_film_editing","2005","nominated","[{""name"": ""Paul Hirsch"", ""role"": null, ""tmdb_person_id"": null, ""profile_path"": null}]","","Ray","","","","https://en.wikipedia.org/wiki/77th_Academy_Awards","77th Academy Awards Wikipedia article, Best Film Editing section","2026-04-25T22:42:18.606874+00:00","scrape-oscar-v1.1.0","auto_verified","[""wikipedia_dlu_agree""]",""
"oscar.best_production_design.2005.art_direction_unresolved","oscar.2005","oscar.best_production_design","2005","won","[{""name"": ""Art Direction"", ""role"": null, ""tmdb_person_id"": null, ""profile_path"": null}, {""name"": ""Dante Ferretti"", ""role"": null, ""tmdb_person_id"": null, ""profile_path"": null}, {""name"": ""Set Decoration"", ""role"": null, ""tmdb_person_id"": null, ""profile_path"": null}, {""name"": ""Francesca Lo Schiavo"", ""role"": null, ""tmdb_person_id"": null, ""profile_path"": null}]","","The Aviator","","","","https://en.wikipedia.org/wiki/77th_Academy_Awards","77th Academy Awards Wikipedia article, Best Art Direction section","2026-04-25T22:42:18.607136+00:00","scrape-oscar-v1.1.0","auto_verified","[""wikipedia_dlu_agree""]",""
"oscar.best_production_design.2005.gemma_jackson_unresolved","oscar.2005","oscar.best_production_design","2005","nominated","[{""name"": ""Gemma Jackson"", ""role"": null, ""tmdb_person_id"": null, ""profile_path"": null}, {""name"": ""Trisha Edwards"", ""role"": null, ""tmdb_person_id"": null, ""profile_path"": null}]","","Finding Neverland","","","","https://en.wikipedia.org/wiki/77th_Academy_Awards","77th Academy Awards Wikipedia article, Best Art Direction section","2026-04-25T22:42:18.607136+00:00","scrape-oscar-v1.1.0","auto_verified","[""wikipedia_dlu_agree""]",""
"oscar.best_production_design.2005.rick_heinrichs_unresolved","oscar.2005","oscar.best_production_design","2005","nominated","[{""name"": ""Rick Heinrichs"", ""role"": null, ""tmdb_person_id"": null, ""profile_path"": null}, {""name"": ""Cheryl Carasik"", ""role"": null, ""tmdb_person_id"": null, ""profile_path"": null}]","","Lemony Snicket's A Series of Unfortunate Events","","","","https://en.wikipedia.org/wiki/77th_Academy_Awards","77th Academy Awards Wikipedia article, Best Art Direction section","2026-04-25T22:42:18.607136+00:00","scrape-oscar-v1.1.0","auto_verified","[""wikipedia_dlu_agree""]",""
"oscar.best_production_design.2005.anthony_pratt_unresolved","oscar.2005","oscar.best_production_design","2005","nominated","[{""name"": ""Anthony Pratt"", ""role"": null, ""tmdb_person_id"": null, ""profile_path"": null}, {""name"": ""Celia Bobak"", ""role"": null, ""tmdb_person_id"": null, ""profile_path"": null}]","","The Phantom of the Opera","","","","https://en.wikipedia.org/wiki/77th_Academy_Awards","77th Academy Awards Wikipedia article, Best Art Direction section","2026-04-25T22:42:18.607136+00:00","scrape-oscar-v1.1.0","auto_verified","[""wikipedia_dlu_agree""]",""
"oscar.best_production_design.2005.aline_bonetto_unresolved","oscar.2005","oscar.best_production_design","2005","nominated","[{""name"": ""Aline Bonetto"", ""role"": null, ""tmdb_person_id"": null, ""profile_path"": null}]","","A Very Long Engagement","","","","https://en.wikipedia.org/wiki/77th_Academy_Awards","77th Academy Awards Wikipedia article, Best Art Direction section","2026-04-25T22:42:18.607136+00:00","scrape-oscar-v1.1.0","auto_verified","[""wikipedia_dlu_agree""]",""
"oscar.best_costume_design.2005.sandy_powell_unresolved","oscar.2005","oscar.best_costume_design","2005","won","[{""name"": ""Sandy Powell"", ""role"": null, ""tmdb_person_id"": null, ""profile_path"": null}]","","The Aviator","","","","https://en.wikipedia.org/wiki/77th_Academy_Awards","77th Academy Awards Wikipedia article, Best Costume Design section","2026-04-25T22:42:18.607395+00:00","scrape-oscar-v1.1.0","auto_verified","[""wikipedia_dlu_agree""]",""
"oscar.best_costume_design.2005.alexandra_byrne_unresolved","oscar.2005","oscar.best_costume_design","2005","nominated","[{""name"": ""Alexandra Byrne"", ""role"": null, ""tmdb_person_id"": null, ""profile_path"": null}]","","Finding Neverland","","","","https://en.wikipedia.org/wiki/77th_Academy_Awards","77th Academy Awards Wikipedia article, Best Costume Design section","2026-04-25T22:42:18.607395+00:00","scrape-oscar-v1.1.0","auto_verified","[""wikipedia_dlu_agree""]",""
"oscar.best_costume_design.2005.colleen_atwood_unresolved","oscar.2005","oscar.best_costume_design","2005","nominated","[{""name"": ""Colleen Atwood"", ""role"": null, ""tmdb_person_id"": null, ""profile_path"": null}]","","Lemony Snicket's A Series of Unfortunate Events","","","","https://en.wikipedia.org/wiki/77th_Academy_Awards","77th Academy Awards Wikipedia article, Best Costume Design section","2026-04-25T22:42:18.607395+00:00","scrape-oscar-v1.1.0","auto_verified","[""wikipedia_dlu_agree""]",""
"oscar.best_costume_design.2005.sharen_davis_unresolved","oscar.2005","oscar.best_costume_design","2005","nominated","[{""name"": ""Sharen Davis"", ""role"": null, ""tmdb_person_id"": null, ""profile_path"": null}]","","Ray","","","","https://en.wikipedia.org/wiki/77th_Academy_Awards","77th Academy Awards Wikipedia article, Best Costume Design section","2026-04-25T22:42:18.607395+00:00","scrape-oscar-v1.1.0","auto_verified","[""wikipedia_dlu_agree""]",""
"oscar.best_costume_design.2005.bob_ringwood_unresolved","oscar.2005","oscar.best_costume_design","2005","nominated","[{""name"": ""Bob Ringwood"", ""role"": null, ""tmdb_person_id"": null, ""profile_path"": null}]","","Troy","","","","https://en.wikipedia.org/wiki/77th_Academy_Awards","77th Academy Awards Wikipedia article, Best Costume Design section","2026-04-25T22:42:18.607395+00:00","scrape-oscar-v1.1.0","auto_verified","[""wikipedia_dlu_agree""]",""
"oscar.best_makeup_and_hairstyling.2005.valli_o_reilly_unresolved","oscar.2005","oscar.best_makeup_and_hairstyling","2005","won","[{""name"": ""Valli O'Reilly"", ""role"": null, ""tmdb_person_id"": null, ""profile_path"": null}, {""name"": ""Bill Corso"", ""role"": null, ""tmdb_person_id"": null, ""profile_path"": null}]","","Lemony Snicket's A Series of Unfortunate Events","","","","https://en.wikipedia.org/wiki/77th_Academy_Awards","77th Academy Awards Wikipedia article, Best Makeup section","2026-04-25T22:42:18.607598+00:00","scrape-oscar-v1.1.0","auto_verified","[""wikipedia_dlu_agree""]",""
"oscar.best_makeup_and_hairstyling.2005.keith_vanderlaan_unresolved","oscar.2005","oscar.best_makeup_and_hairstyling","2005","nominated","[{""name"": ""Keith VanderLaan"", ""role"": null, ""tmdb_person_id"": null, ""profile_path"": null}, {""name"": ""Christien Tinsley"", ""role"": null, ""tmdb_person_id"": null, ""profile_path"": null}]","","The Passion of the Christ","","","","https://en.wikipedia.org/wiki/77th_Academy_Awards","77th Academy Awards Wikipedia article, Best Makeup section","2026-04-25T22:42:18.607598+00:00","scrape-oscar-v1.1.0","auto_verified","[""wikipedia_dlu_agree""]",""
"oscar.best_makeup_and_hairstyling.2005.jo_allen_unresolved","oscar.2005","oscar.best_makeup_and_hairstyling","2005","nominated","[{""name"": ""Jo Allen"", ""role"": null, ""tmdb_person_id"": null, ""profile_path"": null}, {""name"": ""Manolo García"", ""role"": null, ""tmdb_person_id"": null, ""profile_path"": null}]","","The Sea Inside","","","","https://en.wikipedia.org/wiki/77th_Academy_Awards","77th Academy Awards Wikipedia article, Best Makeup section","2026-04-25T22:42:18.607598+00:00","scrape-oscar-v1.1.0","auto_verified","[""wikipedia_dlu_agree""]",""
"oscar.best_original_score.2005.jan_a_p_kaczmarek_unresolved","oscar.2005","oscar.best_original_score","2005","won","[{""name"": ""Jan A. P. Kaczmarek"", ""role"": null, ""tmdb_person_id"": null, ""profile_path"": null}]","","Finding Neverland","","","","https://en.wikipedia.org/wiki/77th_Academy_Awards","77th Academy Awards Wikipedia article, Best Original Score section","2026-04-25T22:42:18.607786+00:00","scrape-oscar-v1.1.0","auto_verified","[""wikipedia_dlu_agree""]",""
"oscar.best_original_score.2005.john_williams_unresolved","oscar.2005","oscar.best_original_score","2005","nominated","[{""name"": ""John Williams"", ""role"": null, ""tmdb_person_id"": null, ""profile_path"": null}]","","Harry Potter and the Prisoner of Azkaban","","","","https://en.wikipedia.org/wiki/77th_Academy_Awards","77th Academy Awards Wikipedia article, Best Original Score section","2026-04-25T22:42:18.607786+00:00","scrape-oscar-v1.1.0","auto_verified","[""wikipedia_dlu_agree""]",""
"oscar.best_original_score.2005.thomas_newman_unresolved","oscar.2005","oscar.best_original_score","2005","nominated","[{""name"": ""Thomas Newman"", ""role"": null, ""tmdb_person_id"": null, ""profile_path"": null}]","","Lemony Snicket's A Series of Unfortunate Events","","","","https://en.wikipedia.org/wiki/77th_Academy_Awards","77th Academy Awards Wikipedia article, Best Original Score section","2026-04-25T22:42:18.607786+00:00","scrape-oscar-v1.1.0","auto_verified","[""wikipedia_dlu_agree""]",""
"oscar.best_original_score.2005.john_debney_unresolved","oscar.2005","oscar.best_original_score","2005","nominated","[{""name"": ""John Debney"", ""role"": null, ""tmdb_person_id"": null, ""profile_path"": null}]","","The Passion of the Christ","","","","https://en.wikipedia.org/wiki/77th_Academy_Awards","77th Academy Awards Wikipedia article, Best Original Score section","2026-04-25T22:42:18.607786+00:00","scrape-oscar-v1.1.0","auto_verified","[""wikipedia_dlu_agree""]",""
"oscar.best_original_score.2005.james_newton_howard_unresolved","oscar.2005","oscar.best_original_score","2005","nominated","[{""name"": ""James Newton Howard"", ""role"": null, ""tmdb_person_id"": null, ""profile_path"": null}]","","The Village","","","","https://en.wikipedia.org/wiki/77th_Academy_Awards","77th Academy Awards Wikipedia article, Best Original Score section","2026-04-25T22:42:18.607786+00:00","scrape-oscar-v1.1.0","auto_verified","[""wikipedia_dlu_agree""]",""
"oscar.best_original_song.2005.jorge_drexler_unresolved","oscar.2005","oscar.best_original_song","2005","won","[{""name"": ""Jorge Drexler"", ""role"": null, ""tmdb_person_id"": null, ""profile_path"": null}]","","The Motorcycle Diaries","Al otro lado del río","","","https://en.wikipedia.org/wiki/77th_Academy_Awards","77th Academy Awards Wikipedia article, Best Original Song section","2026-04-25T22:42:18.608312+00:00","scrape-oscar-v1.1.0","auto_verified","[""wikipedia_dlu_agree""]",""
"oscar.best_original_song.2005.adam_duritz_unresolved","oscar.2005","oscar.best_original_song","2005","nominated","[{""name"": ""Adam Duritz"", ""role"": null, ""tmdb_person_id"": null, ""profile_path"": null}, {""name"": ""Charlie Gillingham"", ""role"": null, ""tmdb_person_id"": null, ""profile_path"": null}, {""name"": ""David Immerglück"", ""role"": null, ""tmdb_person_id"": null, ""profile_path"": null}, {""name"": ""David Bryson"", ""role"": null, ""tmdb_person_id"": null, ""profile_path"": null}, {""name"": ""Dan Vickrey"", ""role"": null, ""tmdb_person_id"": null, ""profile_path"": null}]","","Shrek 2","Accidentally in Love","","","https://en.wikipedia.org/wiki/77th_Academy_Awards","77th Academy Awards Wikipedia article, Best Original Song section","2026-04-25T22:42:18.608312+00:00","scrape-oscar-v1.1.0","auto_verified","[""wikipedia_dlu_agree""]",""
"oscar.best_original_song.2005.glen_ballard_unresolved","oscar.2005","oscar.best_original_song","2005","nominated","[{""name"": ""Glen Ballard"", ""role"": null, ""tmdb_person_id"": null, ""profile_path"": null}, {""name"": ""Alan Silvestri"", ""role"": null, ""tmdb_person_id"": null, ""profile_path"": null}]","","The Polar Express","Believe","","","https://en.wikipedia.org/wiki/77th_Academy_Awards","77th Academy Awards Wikipedia article, Best Original Song section","2026-04-25T22:42:18.608312+00:00","scrape-oscar-v1.1.0","auto_verified","[""wikipedia_dlu_agree""]",""
"oscar.best_original_song.2005.andrew_lloyd_webber_unresolved","oscar.2005","oscar.best_original_song","2005","nominated","[{""name"": ""Andrew Lloyd Webber"", ""role"": null, ""tmdb_person_id"": null, ""profile_path"": null}, {""name"": ""Charles Hart"", ""role"": null, ""tmdb_person_id"": null, ""profile_path"": null}]","","The Phantom of the Opera","Learn to Be Lonely","","","https://en.wikipedia.org/wiki/77th_Academy_Awards","77th Academy Awards Wikipedia article, Best Original Song section","2026-04-25T22:42:18.608312+00:00","scrape-oscar-v1.1.0","auto_verified","[""wikipedia_dlu_agree""]",""
"oscar.best_original_song.2005.bruno_coulais_unresolved","oscar.2005","oscar.best_original_song","2005","nominated","[{""name"": ""Bruno Coulais"", ""role"": null, ""tmdb_person_id"": null, ""profile_path"": null}, {""name"": ""Christophe Barratier"", ""role"": null, ""tmdb_person_id"": null, ""profile_path"": null}]","","The Chorus","Look to Your Path","","","https://en.wikipedia.org/wiki/77th_Academy_Awards","77th Academy Awards Wikipedia article, Best Original Song section","2026-04-25T22:42:18.608312+00:00","scrape-oscar-v1.1.0","auto_verified","[""wikipedia_dlu_agree""]",""
"oscar.best_sound_editing.2005.randy_thom_unresolved","oscar.2005","oscar.best_sound_editing","2005","won","[{""name"": ""Randy Thom"", ""role"": null, ""tmdb_person_id"": null, ""profile_path"": null}, {""name"": ""Michael Silvers"", ""role"": null, ""tmdb_person_id"": null, ""profile_path"": null}]","","The Incredibles","","","","https://en.wikipedia.org/wiki/77th_Academy_Awards","77th Academy Awards Wikipedia article, Best Sound Editing section","2026-04-25T22:42:18.608697+00:00","scrape-oscar-v1.1.0","auto_verified","[""wikipedia_dlu_agree""]",""
"oscar.best_sound_editing.2005.randy_thom_unresolved","oscar.2005","oscar.best_sound_editing","2005","nominated","[{""name"": ""Randy Thom"", ""role"": null, ""tmdb_person_id"": null, ""profile_path"": null}, {""name"": ""Dennis Leonard"", ""role"": null, ""tmdb_person_id"": null, ""profile_path"": null}]","","The Polar Express","","","","https://en.wikipedia.org/wiki/77th_Academy_Awards","77th Academy Awards Wikipedia article, Best Sound Editing section","2026-04-25T22:42:18.608697+00:00","scrape-oscar-v1.1.0","auto_verified","[""wikipedia_dlu_agree""]",""
"oscar.best_sound_editing.2005.paul_n_j_ottosson_unresolved","oscar.2005","oscar.best_sound_editing","2005","nominated","[{""name"": ""Paul N. J. Ottosson"", ""role"": null, ""tmdb_person_id"": null, ""profile_path"": null}]","","Spider-Man 2","","","","https://en.wikipedia.org/wiki/77th_Academy_Awards","77th Academy Awards Wikipedia article, Best Sound Editing section","2026-04-25T22:42:18.608697+00:00","scrape-oscar-v1.1.0","auto_verified","[""wikipedia_dlu_agree""]",""
"oscar.best_sound_mixing.2005.scott_millan_unresolved","oscar.2005","oscar.best_sound_mixing","2005","won","[{""name"": ""Scott Millan"", ""role"": null, ""tmdb_person_id"": null, ""profile_path"": null}, {""name"": ""Greg Orloff"", ""role"": null, ""tmdb_person_id"": null, ""profile_path"": null}, {""name"": ""Bob Beemer"", ""role"": null, ""tmdb_person_id"": null, ""profile_path"": null}, {""name"": ""Steve Cantamessa"", ""role"": null, ""tmdb_person_id"": null, ""profile_path"": null}]","","Ray","","","","https://en.wikipedia.org/wiki/77th_Academy_Awards","77th Academy Awards Wikipedia article, Best Sound Mixing section","2026-04-25T22:42:18.608896+00:00","scrape-oscar-v1.1.0","auto_verified","[""wikipedia_dlu_agree""]",""
"oscar.best_sound_mixing.2005.tom_fleischman_unresolved","oscar.2005","oscar.best_sound_mixing","2005","nominated","[{""name"": ""Tom Fleischman"", ""role"": null, ""tmdb_person_id"": null, ""profile_path"": null}, {""name"": ""Petur Hliddal"", ""role"": null, ""tmdb_person_id"": null, ""profile_path"": null}]","","The Aviator","","","","https://en.wikipedia.org/wiki/77th_Academy_Awards","77th Academy Awards Wikipedia article, Best Sound Mixing section","2026-04-25T22:42:18.608896+00:00","scrape-oscar-v1.1.0","auto_verified","[""wikipedia_dlu_agree""]",""
"oscar.best_sound_mixing.2005.randy_thom_unresolved","oscar.2005","oscar.best_sound_mixing","2005","nominated","[{""name"": ""Randy Thom"", ""role"": null, ""tmdb_person_id"": null, ""profile_path"": null}, {""name"": ""Gary A. Rizzo"", ""role"": null, ""tmdb_person_id"": null, ""profile_path"": null}, {""name"": ""Doc Kane"", ""role"": null, ""tmdb_person_id"": null, ""profile_path"": null}]","","The Incredibles","","","","https://en.wikipedia.org/wiki/77th_Academy_Awards","77th Academy Awards Wikipedia article, Best Sound Mixing section","2026-04-25T22:42:18.608896+00:00","scrape-oscar-v1.1.0","auto_verified","[""wikipedia_dlu_agree""]",""
"oscar.best_sound_mixing.2005.randy_thom_unresolved","oscar.2005","oscar.best_sound_mixing","2005","nominated","[{""name"": ""Randy Thom"", ""role"": null, ""tmdb_person_id"": null, ""profile_path"": null}, {""name"": ""Tom Johnson"", ""role"": null, ""tmdb_person_id"": null, ""profile_path"": null}, {""name"": ""Dennis S. Sands"", ""role"": null, ""tmdb_person_id"": null, ""profile_path"": null}, {""name"": ""William B. Kaplan"", ""role"": null, ""tmdb_person_id"": null, ""profile_path"": null}]","","The Polar Express","","","","https://en.wikipedia.org/wiki/77th_Academy_Awards","77th Academy Awards Wikipedia article, Best Sound Mixing section","2026-04-25T22:42:18.608896+00:00","scrape-oscar-v1.1.0","auto_verified","[""wikipedia_dlu_agree""]",""
"oscar.best_sound_mixing.2005.kevin_o_connell_unresolved","oscar.2005","oscar.best_sound_mixing","2005","nominated","[{""name"": ""Kevin O'Connell"", ""role"": null, ""tmdb_person_id"": null, ""profile_path"": null}, {""name"": ""Greg P. Russell"", ""role"": null, ""tmdb_person_id"": null, ""profile_path"": null}, {""name"": ""Jeffrey J. Haboush"", ""role"": null, ""tmdb_person_id"": null, ""profile_path"": null}, {""name"": ""Joseph Geisinger"", ""role"": null, ""tmdb_person_id"": null, ""profile_path"": null}]","","Spider-Man 2","","","","https://en.wikipedia.org/wiki/77th_Academy_Awards","77th Academy Awards Wikipedia article, Best Sound Mixing section","2026-04-25T22:42:18.608896+00:00","scrape-oscar-v1.1.0","auto_verified","[""wikipedia_dlu_agree""]",""
"oscar.best_visual_effects.2005.john_dykstra_unresolved","oscar.2005","oscar.best_visual_effects","2005","won","[{""name"": ""John Dykstra"", ""role"": null, ""tmdb_person_id"": null, ""profile_path"": null}, {""name"": ""Scott Stokdyk"", ""role"": null, ""tmdb_person_id"": null, ""profile_path"": null}, {""name"": ""Anthony LaMolinara"", ""role"": null, ""tmdb_person_id"": null, ""profile_path"": null}, {""name"": ""John Frazier"", ""role"": null, ""tmdb_person_id"": null, ""profile_path"": null}]","","Spider-Man 2","","","","https://en.wikipedia.org/wiki/77th_Academy_Awards","77th Academy Awards Wikipedia article, Best Visual Effects section","2026-04-25T22:42:18.609132+00:00","scrape-oscar-v1.1.0","auto_verified","[""wikipedia_dlu_agree""]",""
"oscar.best_visual_effects.2005.roger_guyett_unresolved","oscar.2005","oscar.best_visual_effects","2005","nominated","[{""name"": ""Roger Guyett"", ""role"": null, ""tmdb_person_id"": null, ""profile_path"": null}, {""name"": ""Tim Burke"", ""role"": null, ""tmdb_person_id"": null, ""profile_path"": null}, {""name"": ""John Richardson"", ""role"": null, ""tmdb_person_id"": null, ""profile_path"": null}, {""name"": ""Bill George"", ""role"": null, ""tmdb_person_id"": null, ""profile_path"": null}]","","Harry Potter and the Prisoner of Azkaban","","","","https://en.wikipedia.org/wiki/77th_Academy_Awards","77th Academy Awards Wikipedia article, Best Visual Effects section","2026-04-25T22:42:18.609132+00:00","scrape-oscar-v1.1.0","auto_verified","[""wikipedia_dlu_agree""]",""
"oscar.best_visual_effects.2005.john_nelson_unresolved","oscar.2005","oscar.best_visual_effects","2005","nominated","[{""name"": ""John Nelson"", ""role"": null, ""tmdb_person_id"": null, ""profile_path"": null}, {""name"": ""Andrew R. Jones"", ""role"": null, ""tmdb_person_id"": null, ""profile_path"": null}, {""name"": ""Erik Nash"", ""role"": null, ""tmdb_person_id"": null, ""profile_path"": null}, {""name"": ""Joe Letteri"", ""role"": null, ""tmdb_person_id"": null, ""profile_path"": null}]","","I, Robot","","","","https://en.wikipedia.org/wiki/77th_Academy_Awards","77th Academy Awards Wikipedia article, Best Visual Effects section","2026-04-25T22:42:18.609132+00:00","scrape-oscar-v1.1.0","auto_verified","[""wikipedia_dlu_agree""]",""
